A01,,A02,,A03,,A04,,A05,,A06,,A07,,A08,,A09,,A10,
15.72696085,2413.373,15.89785793,2438.945118,16.29909795,2284.459419,16.85918456,2224.57658,16.26911092,2279.184676,15.53789708,2393.613358,16.17998097,2174.549527,16.84586486,2259.801237,16.47160908,2098.725413,16.22944098,2225.015479
16.58158961,2452.63901,16.38540084,2496.805138,16.17158759,2287.352421,16.17664726,2310.412884,15.56837896,2139.209729,16.05895316,2214.573746,16.66920831,2045.480477,16.37667212,2267.212388,16.85623098,2105.243772,16.44524628,2048.337671
16.54691235,2435.211449,16.80139833,2461.561901,16.24878358,2347.526031,16.19315975,2425.195123,16.27756337,2204.766039,16.32213426,2337.58283,16.50251183,2191.118879,17.03493602,2302.743685,16.76874598,2173.058207,16.72911666,2203.2393
17.10689296,2396.625565,17.9615149,2351.326253,16.35174311,2277.412062,16.69955047,2380.186261,16.21080777,2020.384933,16.68046908,2359.113989,15.52759927,2270.009607,18.2188027,2257.243739,16.34376634,2169.190552,15.94629313,2134.766776
18.27531734,2289.870287,18.40014984,2205.413406,16.75794646,2316.395651,17.05193491,2306.013358,16.64455886,2212.982206,17.21291694,2265.216534,17.79659872,2196.377512,17.48401935,2311.433927,17.82983635,2123.311445,18.08566063,2177.858075
17.6152077,2424.782506,17.55385794,2294.037759,17.27535273,2229.562983,16.71106743,2264.41168,17.88750669,2169.712294,17.59756432,2311.128166,18.04240663,2150.515922,17.56787755,2309.718628,18.11127973,2197.432903,17.74323222,2181.186398
18.35157757,2462.948256,18.92271482,2352.083423,17.57846422,2267.011963,17.99070896,2216.970268,17.45066,2270.005718,17.39314468,2585.369837,18.4008493,2113.814021,18.27186485,2261.094526,18.78546145,2145.035483,18.36958548,2113.314559
18.51586224,2438.55298,19.09366061,2425.570631,18.46347674,2353.772684,18.85327221,2274.370093,18.18592006,2177.088621,17.6815377,2430.282068,18.55764172,2287.623003,18.10314856,2291.268259,18.60209904,2204.472295,18.60479413,2267.637396
19.01955218,2355.609158,18.90241743,2371.232125,17.7658898,2340.711628,17.60013217,2436.867911,18.01197114,2277.021041,18.74099568,2466.182059,17.8143949,2330.474198,19.25341253,2369.941005,18.36072803,2325.959006,18.02111026,2375.84517
19.37733793,2539.422652,19.4829811,2510.301497,18.7278589,2450.246257,18.54324287,2368.200566,18.82901616,2298.424769,17.71993187,2328.139377,18.33470012,2363.151722,19.27341855,2412.901186,18.68626067,2319.755254,18.1209068,2265.114712
18.81182785,2569.575977,18.56496311,2488.528185,18.89095622,2402.107788,19.58546948,2462.976071,19.38048276,2227.724043,19.53435171,2513.334614,20.11790671,2288.789445,19.85623069,2401.976225,19.85413288,2277.004401,20.31278811,2239.67429
20.11365261,2452.469825,19.87688,2387.952162,19.53718889,2452.644096,19.10748548,2410.465261,18.8352975,2227.795255,20.08615755,2483.525747,20.46455391,2384.205188,20.26346141,2245.832385,20.25290923,2365.417226,20.11491234,2385.756617
20.21300457,2379.419976,20.47103769,2271.4685,19.69853052,2430.275476,19.67763741,2498.67261,18.73467636,2359.662234,19.47816214,2547.286613,20.24558995,2369.036202,19.55314941,2358.492714,20.01256729,2348.601351,19.78286569,2357.614051
21.12458083,2441.53973,21.11209124,2420.708227,20.32077902,2517.81745,20.48386908,2458.053123,19.99695373,2464.737069,20.72527701,2214.275361,20.15584153,2248.778229,19.76137276,2336.813021,20.39266824,2384.358437,20.5343045,2345.524174
20.8936898,2546.228376,21.18904433,2616.263836,20.98316627,2389.547303,20.60726854,2389.605242,20.68740653,2227.746221,21.34005565,2487.010038,20.65841142,2408.722388,21.03679243,2276.06609,20.93567737,2476.52482,20.6089249,2422.499952
21.56453337,2548.706658,21.79822428,2550.466271,20.61461948,2482.7292,20.60785904,2540.054627,20.61676241,2250.161912,20.67974121,2333.861889,21.17349702,2605.231625,21.60151134,2316.224413,21.51946405,2527.106435,21.21608977,2609.280864
22.0637161,2502.060867,21.46574218,2483.427756,20.91549359,2584.279081,21.55823675,2556.468788,20.90728254,2464.719407,20.44298488,2430.628693,22.25985616,2400.025751,21.54456636,2294.275498,21.88059379,2469.170718,21.68912496,2383.905218
22.06614668,2604.881003,21.84752214,2580.847895,21.59782951,2524.337209,21.68269353,2575.765839,21.47667926,2321.370663,22.40095436,2527.680238,21.89520131,2532.306968,21.80676161,2343.32555,22.07732273,2501.177504,21.92655738,2538.404442
21.96026155,2596.763683,21.55750218,2541.50991,21.60354441,2490.527753,21.52433543,2415.8457,21.35951993,2438.402551,21.35646823,2616.40232,22.10116277,2618.570795,21.65123947,2385.041971,22.18257679,2658.019374,22.31402839,2646.928936
22.25999464,2596.531134,21.92974882,2663.742072,22.54109161,2462.389629,22.1193663,2481.284426,22.13997036,2476.686677,22.47906541,2408.120703,22.45608931,2775.241215,22.82582048,2305.679701,22.77724408,2563.830553,22.93371542,2735.453511
22.98525863,2545.06301,22.94775042,2589.860478,22.53683038,2534.016839,23.07977529,2612.784687,21.95032436,2420.846896,22.1664472,2521.651578,23.98648809,2487.516435,22.55999437,2400.755769,23.43947658,2569.818021,24.00558077,2527.503164
23.62441626,2491.597036,24.23958305,2441.985066,22.80573838,2558.881998,22.92050881,2621.204045,22.22286588,2352.377046,22.34782402,2433.80597,22.70725431,2501.249864,22.68140211,2394.01339,23.10332258,2537.326419,23.32114243,2485.303431
23.94067299,2586.196933,24.08936452,2705.658574,22.87144588,2686.196552,23.02417607,2684.028209,23.03537167,2509.001649,22.62756941,2254.430876,22.73836853,2618.100481,23.93701983,2320.541744,23.16641566,2716.562856,23.22157083,2678.752104
24.03578924,2495.424789,23.44490229,2449.624956,22.98206425,2569.493226,22.92655661,2585.212279,22.63054049,2593.942843,22.26820915,2341.16588,24.08209106,2597.205147,23.71613343,2388.732659,24.1451317,2760.258163,24.0148237,2685.50039
24.19535896,2579.0132,23.50646444,2515.18735,23.24454141,2687.680928,23.12082867,2762.076777,23.28653918,2483.141815,23.80336696,2517.638891,23.72931315,2630.274425,24.21765309,2511.219425,24.62792931,2660.733477,24.09811867,2660.61031
24.51379323,2652.144738,24.22454733,2614.372688,24.32825203,2649.554658,24.27940477,2608.783225,23.63889797,2578.002144,24.67389116,2519.639839,25.87469143,2785.076329,25.26428626,2482.479025,24.88581717,2758.906952,25.17790228,2793.721609
25.31532746,2597.125737,24.99705676,2745.189349,24.44121558,2661.257136,24.4149445,2752.731082,23.96123381,2684.136569,24.44849094,2616.501569,25.72421814,2787.589911,25.05637387,2440.333465,25.84815239,2789.251701,25.89315949,2811.278796
25.2631259,2629.460551,25.292205,2586.011076,24.44541282,2680.130024,24.38683817,2673.025355,24.13704946,2527.285781,24.52532082,2598.093322,25.07975848,2647.478443,24.82788746,2500.410599,25.13433853,2760.130234,25.35364103,2802.053027
25.54135509,2798.660842,25.19966742,2758.892094,24.77400636,2548.080745,24.50335527,2444.707127,24.80116371,2638.874827,24.56073384,2644.96748,25.72266671,2699.168102,25.15361407,2561.802877,25.50687271,2816.735055,25.2690306,2750.066922
25.5689272,2713.88603,25.94890889,2659.776545,25.44792554,2608.441116,25.0974599,2592.936906,25.35837288,2678.588105,25.67625582,2567.261565,25.35275665,2859.457655,25.72414092,2552.040819,26.0648184,2888.208763,25.75158801,2842.858844
27.17714479,3003.819659,27.2182642,2924.214045,25.87269151,2682.149702,26.05284251,2655.531095,25.46132862,2616.805879,26.29406132,2612.390517,27.05553731,2666.067234,26.7167259,2593.608984,26.08405305,2792.795424,26.2034072,2751.548621
26.69639704,2951.842818,26.73843538,3010.251379,26.58140564,2784.07346,26.56130039,2801.876322,26.32654025,2717.153001,25.57658853,2631.501356,27.34267164,2848.321394,26.37296046,2597.717971,26.60103125,2957.083869,26.91278513,2878.6117
27.10817839,2885.281516,27.09869625,2831.672199,26.8338377,2943.869766,27.34505668,2924.021642,26.77506824,2726.873505,26.15579538,2448.385378,26.83754882,2812.202382,26.49937413,2480.062848,26.92964259,2913.908756,26.82996522,2885.471076
26.62585699,2876.359497,26.31180721,2985.840808,26.53045815,2715.35524,26.49835265,2825.614799,26.49770362,2688.150938,26.88243592,2517.094452,27.91291768,2999.798791,27.71071765,2497.720937,27.11738834,2857.150819,27.48598408,2829.745968
27.59968451,2856.808431,27.20434756,2815.19087,27.02190574,2929.655949,27.22532832,2932.206085,26.89252138,2763.610188,26.62735117,2404.935633,28.1747833,2902.249177,27.8009787,2531.812767,27.78526379,2894.170656,27.83427323,2879.897457
27.54126642,2926.941746,27.53516779,2872.440223,27.63415595,2979.317261,27.48016004,2978.004829,27.83173236,2735.764188,26.8064262,2477.608195,26.98417992,2859.380852,28.35954835,2697.167973,27.3546829,2972.734461,27.45053522,2927.588216
28.01751864,3092.714296,28.34392236,2997.798389,27.44876184,2995.217393,27.26286664,3031.342751,27.18037962,2857.530528,27.47791527,2519.295036,27.60480285,3089.173656,28.88943397,2563.658268,28.32550323,3064.707815,27.68137117,3131.413119
28.49516439,3113.52696,28.42310764,3013.572645,28.04810493,3068.82755,28.10621936,3006.835656,28.09031252,2748.250586,27.30011579,2677.803674,29.81122903,3137.264951,28.25917654,2712.035715,28.89529689,3100.026293,29.50252105,3128.941277
28.69237448,3066.284384,28.9771543,3059.650406,28.77801884,3090.096577,28.42053606,3129.19161,28.86306829,2867.762046,28.63042319,2636.199638,28.41897838,3168.203334,28.88581037,2665.865912,28.68063038,2991.242335,28.22715918,3013.683148
29.22358698,3096.85853,28.89697453,2991.030889,28.44461644,3146.029143,28.78706222,3086.466149,28.83784571,2806.063837,28.12155173,2916.627179,30.00382798,2989.556903,29.30225003,2575.3649,29.48197577,3111.280206,29.67040129,3045.334785
30.13230333,3199.072786,30.25376556,3208.940183,28.57238291,3184.273813,28.58086992,3159.71343,28.81282611,2849.833377,27.95459645,2896.003667,29.70851567,3086.83482,28.96565941,2570.095349,29.43478972,3092.841878,29.35151558,3101.790506
29.95963062,3214.50638,29.9680244,3214.511254,29.3528456,3241.099497,30.05397479,3218.252543,29.37985001,2907.976916,29.3888324,2900.450355,29.48058193,3122.31116,29.94082618,2811.802912,29.57595903,3140.448546,29.36637924,3094.155172
30.23566986,3328.890086,30.14102619,3127.521465,30.21838352,3279.836691,30.48773459,3235.873946,29.30945487,2927.305176,28.74188383,3140.380499,30.89425546,3276.745058,30.0537457,2780.361193,30.68610957,3295.782929,30.74842689,3374.210173
30.98776118,3232.729611,31.22613125,3207.859691,29.73441832,3284.203729,29.57225814,3209.746255,29.98416781,2805.36767,30.45633569,3191.668432,29.70160082,3089.587186,29.67241838,2801.589805,30.46660935,3111.030103,29.8743325,3047.52124
30.79236424,3307.595398,30.55784003,3310.622833,29.82902738,3311.578336,29.52366864,3318.048846,30.24134448,2956.354232,30.20160441,3307.688822,30.69649902,3179.10446,30.9068637,2727.338714,30.41337196,3113.653793,30.6198983,3144.020895
31.05688604,3324.866708,30.7615271,3396.589288,30.72415392,3427.98747,31.07342606,3423.48505,30.8544992,2839.371146,30.72860757,3408.98618,31.15266059,3204.099668,30.65486259,3004.887345,31.02510848,3129.57921,30.61240929,3092.33649
30.9603917,3414.682125,31.25482204,3496.797023,30.96658908,3466.106047,30.99772375,3449.457869,30.55254939,2989.934751,31.17970429,3347.273449,30.77747404,3333.397424,31.07671641,2844.58892,31.36507169,3183.612002,30.76058339,3167.614206
31.60924964,3435.539971,32.13550438,3521.600153,31.62080922,3620.651291,31.15219526,3707.662899,30.99271812,2903.689665,30.71702484,3555.919241,31.93461076,3213.612095,31.29531994,3150.99316,32.03169654,3251.083035,31.66084794,3303.346122
32.04451422,3544.059,32.35334143,3499.967415,31.33386348,3642.077804,31.13430641,3520.180036,32.20318787,3111.132666,31.20605092,3645.110112,32.02490052,3542.609616,32.40294566,3202.242398,32.26447359,3370.714746,32.3363003,3452.351973
33.13051478,3657.740267,33.32451452,3616.419216,31.6767085,3607.329533,31.33667107,3693.205147,32.48427912,3160.229554,32.35323358,3548.286319,32.03295169,3243.81825,32.2636819,3326.250635,32.50548829,3201.878978,32.04290659,3246.682389
33.01824518,3725.881792,33.07059792,3675.310567,32.00717203,3605.57568,31.62456785,3502.42075,32.02794956,3358.084284,31.99747769,3820.59988,33.45582076,3307.115425,33.25872143,3330.430284,33.0960813,3342.002834,33.21971494,3258.927951
32.97907887,3762.548674,32.8498759,3682.059913,32.42362604,3741.687567,32.67820293,3798.450007,32.55772842,3407.184807,33.06786036,3858.922779,33.09576428,3362.191123,33.14545306,3373.907426,32.88335207,3412.338544,32.81492658,3448.221308
34.19241408,4139.134202,34.70948725,4082.241771,33.26840117,3645.038384,33.35018956,3704.200738,33.09378036,3543.766096,31.864574,3953.030651,33.53834348,3578.263653,33.64783912,3545.568251,33.40438719,3580.136414,34.00928459,3632.874139
34.55528033,4286.895222,34.39221249,4377.189604,33.49785099,3838.647325,33.20887594,3915.69694,33.71505722,3686.710217,33.66719926,4169.65281,33.580955,3623.074887,34.12140521,3658.735644,33.50694108,3630.795336,33.42238372,3499.143111
33.70897027,4392.386667,33.93977124,4371.144668,33.16002123,3787.524538,33.5550272,3822.343689,33.60397818,3785.215932,33.20311799,4271.585569,33.81677045,3962.547436,34.21566239,3781.983275,33.40730064,3806.777647,33.81023897,3968.173494
33.82904352,4736.27969,34.0727918,4673.864739,33.65571569,3866.239827,33.60163311,3783.594824,33.85265451,3897.82873,34.11621114,4463.752167,34.12070305,3849.659713,34.1585191,3883.136072,34.46500036,3781.932915,34.26813257,3847.801996
34.83689879,4789.381314,35.21923645,4860.932342,34.40927484,3975.906037,34.9103817,4095.903471,34.25108348,4082.950548,33.64619408,4239.909077,34.17213504,4196.860717,34.78960052,3809.795681,34.69845209,4108.566512,34.2936637,4150.407808
35.08798126,4933.848277,35.87028019,4956.828355,34.96440059,4081.329006,35.22646201,4145.397945,34.87891666,4222.136297,34.70838709,4302.965801,34.86717311,4237.151633,34.75220323,4017.625482,34.89499627,4321.604332,35.27957323,4233.421102
35.48222677,5059.469011,35.50156056,5135.226663,34.24963289,4373.982056,34.04328053,4285.734794,34.98740309,4280.803091,34.76457879,4382.600176,34.97334206,4400.594782,35.30655361,4072.101802,35.7040314,4342.024472,35.8250676,4356.67991
35.73356536,5206.210364,35.21868808,5295.907661,35.74205476,4482.486568,35.65413128,4483.654069,35.00930303,4495.653305,34.91170071,4604.189849,35.54804738,4676.945906,36.10488572,4272.740703,35.62726114,4601.110454,36.02547525,4617.358418
36.13505108,5509.651197,35.74375565,5392.896026,35.08165229,4878.406895,35.12985368,4855.004525,35.69228744,4491.638382,35.7730689,4718.805686,35.82164686,4636.865064,36.21907452,4302.294241,35.97009832,4576.915536,35.46781782,4586.376664
37.15449133,5788.81994,37.17532229,5785.044771,35.75464065,5158.956587,36.03489826,5164.790772,36.15833806,4677.640921,36.14180639,4714.540304,36.29733196,4935.665827,36.20818378,4299.372939,36.2202672,4917.726739,36.47553971,4887.217192
37.37760946,5967.024107,37.45367526,5901.813061,35.93501367,5539.021236,35.88496897,5509.092541,36.52422367,4959.166694,36.20660465,4650.889792,36.23255393,5058.552647,36.89643342,4522.30977,36.77151994,4972.472261,36.40217173,5003.596575
37.46394633,5996.999558,37.39876529,5916.483353,36.32481196,5943.540996,36.40353596,5860.381118,36.67005281,5167.145512,36.78348445,4836.779771,37.01774531,5161.115219,37.53465643,4634.611172,37.08790431,5103.3004,37.01886652,5127.520716
37.50915255,6504.473172,37.0576495,6558.820778,36.98966749,6122.365375,37.29434228,6159.300239,36.85200182,5346.558995,35.64940305,5162.689802,37.21051838,5253.808919,36.83249404,5009.847578,37.35296334,5190.052716,37.17979546,5145.753091
37.9343022,6794.060794,37.61361501,6788.264559,37.34264957,6501.101749,37.30522892,6500.208531,36.72103274,5680.237733,37.33219415,5105.424137,38.53617499,5344.448537,37.06633059,5205.127236,37.31092455,5282.384288,37.95921204,5301.698084
38.13384026,7223.579746,38.09822212,7263.857093,37.21774755,6938.546954,37.10165482,7021.107985,37.75191428,5951.513824,37.36625726,5255.679782,37.91273084,5329.798598,38.48945015,5333.146272,37.72189615,5351.212479,38.08161458,5354.443589
38.88139622,7428.209375,38.80781643,7407.995089,38.10035749,7306.816458,37.84331558,7269.446992,37.81985644,6297.665232,38.17562205,5254.493754,38.10023596,5681.630711,37.80290649,5439.734086,37.90497175,5739.248657,38.223252,5718.678571
38.10997558,7684.912477,38.05532104,7562.708986,38.51023511,7548.35056,38.62256877,7582.222423,37.97482129,6592.469861,37.41179297,5457.781871,38.62868367,5681.198032,38.09885052,5746.330937,38.82728833,5734.496796,38.50181125,5663.769851
39.82905505,8006.267647,40.15605276,7920.973513,38.95231722,8117.881363,39.17351674,8141.582971,38.42153627,6876.979428,37.93446483,5779.348081,39.52669052,6318.652368,38.86349809,5957.703565,39.60216478,6167.561805,39.6844453,6233.627271
39.543702,8349.887995,39.96143976,8386.982987,39.6267777,8478.232344,39.74462379,8523.82021,38.73507336,7202.282929,38.86720438,5961.824788,39.42966111,6221.43371,39.56774029,6110.945446,39.87483812,6177.727544,39.62595833,6253.870785
39.86648711,8438.469577,39.27918481,8377.291829,39.03330033,8820.476632,39.09349474,8832.798707,39.38572084,7392.531233,38.84710486,6375.01167,39.78538286,6524.384659,39.05522965,6369.343332,39.67887921,6533.570686,39.95757839,6467.225571
40.27108475,8703.189578,40.67552344,8697.877834,40.5502125,9082.640123,39.86257961,9089.691533,40.11120075,7777.210001,38.88809999,6351.173922,40.1801683,6977.122214,40.17060636,6714.250453,40.21496472,6846.989338,39.88732788,6903.070233
40.87454312,9023.316528,40.81338106,9005.782801,39.67414017,9554.756201,39.7899445,9526.160534,39.83882059,8147.99292,39.47519987,6693.406278,41.06407731,7167.961273,39.99076103,6984.256207,40.41379364,7115.795208,40.813491,7109.410272
40.44983891,9092.585313,40.64328554,9099.503872,40.35472729,9841.044002,40.48769538,9779.810015,39.91007817,8412.254181,40.10155197,6934.065446,40.04334079,7337.537503,40.52392497,7302.202671,39.94342466,7356.310235,40.24006265,7292.308869
41.25443004,9371.192527,41.17413067,9432.430681,40.67715165,10263.93677,40.72367511,10388.43488,40.40029201,8839.722201,40.45210252,7262.235585,40.97759792,7922.120226,40.57171296,7644.897374,41.20378921,7853.41789,40.84251866,7847.230046
41.5632853,9471.65719,41.67714714,9559.847381,40.35209839,10513.05476,39.97725253,10507.861,41.14443879,9408.813593,41.20943204,7515.982011,40.93154964,8251.821928,41.21201436,8030.368235,41.42210967,8226.103601,40.65814682,8169.034039
41.36702131,9736.745863,41.04657762,9822.202297,41.05963049,10805.28393,41.01708311,10727.86019,41.4231365,9889.131433,41.35411685,7469.732758,41.74909981,8769.198707,41.51755423,8434.108414,42.00699203,8580.488267,41.92369292,8668.351041
41.69066192,9706.498364,41.84527573,9829.839697,41.58465669,10989.68786,41.77549991,10999.51769,40.75239053,10378.85254,41.12270447,7807.636185,41.38476528,9051.536532,42.35145752,8859.790863,41.52699325,8939.784401,40.90952373,8998.547806
42.53693055,9739.270065,42.39523722,9699.035382,42.19048014,11134.56818,42.13448165,11110.99279,41.88909867,10930.09888,41.80019516,8028.131345,43.11361865,9617.755553,41.88517724,9123.188507,42.5161223,9446.814597,42.95403543,9624.817233
42.22315941,9871.937892,42.82449976,9895.961724,43.01058534,11429.50706,42.65321159,11355.1154,42.30271993,11281.5555,42.68978649,8204.6874,42.07344494,9689.758806,42.93711644,9427.332137,42.80931491,9735.365953,42.20729277,9682.83388
43.38083316,9970.639389,43.29682324,10005.63449,42.2681118,11627.01438,41.4881975,11622.38235,42.81688962,11639.11106,42.31578571,8375.490678,41.71736201,10238.04898,43.07054477,9802.770771,42.45334798,10302.40025,42.73057252,10257.23145
43.188137,9981.933523,42.83308815,10072.57699,42.90468453,11852.95017,43.38170562,11848.16347,42.79266615,12068.06052,42.49941379,8558.535093,42.78647874,10601.04428,42.78697785,10105.23821,42.88021913,10653.33997,43.10070554,10698.0522
44.14493843,10146.85448,44.5984538,10274.49218,43.39978144,12066.53548,43.87780551,12091.71965,43.05869779,12386.26972,42.87047172,8820.422142,43.09890811,11297.43714,43.17158861,10328.25941,43.32262531,11158.44862,43.13563235,11238.09711
43.39364562,10220.37301,43.13318166,10348.20349,43.17527515,12329.03745,43.26378087,12417.65446,43.32828511,12545.8307,43.8101761,8898.750707,43.13091321,11403.78089,43.84807198,10513.30842,43.47543435,11432.70463,43.65733275,11376.62673
44.02394448,10283.92912,43.48141741,10238.66061,43.68171754,12500.87704,43.50809401,12475.76359,44.04696444,12646.51892,43.50953981,9126.426681,45.08500922,11629.62383,44.32578755,10808.69214,44.59439441,11680.88552,44.59163986,11683.55848
44.44864298,10342.52629,44.8640064,10312.82568,44.30020092,12809.07103,44.015181,12800.57387,44.27062951,12834.66113,45.00377323,9295.467781,44.36829283,12130.37104,43.98402809,10938.84404,44.60648641,12055.73454,44.53577548,12149.53925
44.76471046,10369.91236,44.80333003,10321.09088,44.47119831,13003.2467,44.75625662,13019.39335,44.28766077,12912.2183,44.50361313,9131.891136,45.7025508,12404.31345,44.67992004,11053.87847,45.27479719,12349.09746,45.3609486,12340.93792
45.54666512,10581.34154,45.45923302,10649.66318,44.75349486,13046.93583,44.82598012,12954.84483,44.60114041,13106.61293,44.37658246,9162.587673,44.19984078,12413.91641,44.86986799,11213.93029,44.75676699,12556.89132,44.62417995,12562.20811
45.97282564,10516.08708,46.22641558,10471.99712,45.34871324,13257.93967,45.38035416,13220.37091,45.12303916,13083.02562,45.46847366,9189.136272,45.77643573,12782.98225,45.873436,11281.71545,45.46766317,12712.96582,45.55302129,12756.83209
45.58969185,10632.41053,45.41378921,10742.81156,45.56101338,13339.67352,45.79730066,13385.30622,45.58317967,13266.72281,45.58457109,9198.40395,45.33930037,13006.81514,45.45450387,11326.78043,45.5214978,12956.00869,45.62209457,13006.22937
46.42241265,10644.14509,46.48064028,10583.75456,46.53106824,13493.91619,46.25564074,13528.42318,46.24949912,13171.82854,46.03606788,9248.532494,46.71034843,13041.39582,46.14048817,11404.50518,46.70524193,12965.27484,46.37418387,13105.72819
47.21410878,10713.57964,47.21821901,10706.86261,45.93776362,13521.70136,45.69455428,13477.50234,46.102234,13497.07295,45.82859733,9410.243054,46.92661874,13095.45416,46.44890053,11432.83776,46.17555725,13120.40514,46.28323953,13167.7465
47.11347452,10636.93986,46.53435018,10624.36228,46.48914932,13545.85522,46.73938769,13518.52673,46.83443457,13517.24364,46.76654991,9498.224289,45.20206203,13427.37538,46.85096825,11620.43196,46.21289932,13323.88247,45.57456034,13397.58629
47.49104755,10562.05464,47.88366961,10522.97979,47.23035768,13626.95564,47.37545164,13612.66501,47.12052855,13577.32585,46.92837848,9495.891415,47.25165327,13221.64214,47.49235673,11726.48141,47.39309901,13239.10813,47.02620829,13263.01357
47.64391296,10599.60054,47.71110441,10612.6191,46.83421409,13478.24502,46.76829758,13487.32021,46.79366228,13765.87688,46.42111911,9538.135664,47.38769544,13425.83902,48.06512876,11836.85646,47.70851717,13308.71118,48.03272314,13367.26141
48.60038531,10538.37573,49.26067786,10523.65629,47.51882437,13630.10845,47.57232163,13593.13429,47.42773293,13799.38588,47.73323804,9648.986911,48.02212012,13359.69237,48.39924518,11801.98454,47.45015824,13351.66902,47.55375797,13289.26042
47.94524572,10679.35835,47.49169876,10692.22847,47.92609232,13533.95194,47.44235834,13614.07551,47.86864838,13871.21827,47.96928971,9728.081708,48.49098485,13285.4618,47.78362335,11976.81193,47.78304961,13295.49417,47.99677391,13258.9769
48.77331527,10725.73791,49.10551927,10890.33824,47.75630662,13642.0377,47.42448822,13629.20191,47.57332856,14074.16646,47.54206672,9644.559234,48.04933965,13591.67399,48.37269977,12070.91061,48.79615824,13504.78407,48.45047883,13499.91329
49.11057389,10700.39536,49.01148501,10635.25485,48.12327918,13623.67292,48.44546695,13613.64831,48.29266688,14151.9606,48.08726168,9652.188845,48.24482032,13412.54939,48.524491,12014.89031,48.20429499,13556.09598,48.17579983,13534.54177
50.31560943,10668.59444,50.31085626,10779.67916,48.44669737,13593.38689,47.89002106,13531.44388,48.74069538,14117.84018,48.03664598,9896.597803,50.47990568,13424.31933,48.71808287,12000.88741,50.08362167,13527.31617,50.38046795,13509.61575
49.54385075,10795.78449,49.70787928,10763.60348,49.23087064,13721.69725,49.71360315,13703.0843,49.20655148,14103.25261,49.33434307,9833.859492,49.42389881,13553.0917,49.4942942,11921.37165,49.26813277,13635.72792,49.15591291,13585.3834
49.82758883,10784.63389,50.1344845,10833.93922,49.01651389,13722.47375,48.63735178,13676.86231,49.15699737,14183.01452,49.14030334,9837.258275,49.41013532,13485.92585,49.86714203,12072.03891,49.73063585,13586.29997,49.87216524,13537.72798
50.69958809,10745.05451,50.48078289,10859.71903,50.11338764,13720.16969,50.40054232,13683.90303,50.16057795,14237.60834,49.45974742,9856.243169,49.94870341,13733.60961,49.77858899,12049.91004,50.17002607,13662.50915,50.23629935,13639.60919
50.57375174,10789.27631,50.61310018,10786.05256,49.51994066,13807.61387,49.12620653,13844.0869,50.46838856,14251.57625,50.50124231,9799.274942,50.54313348,13773.45337,50.46978456,12078.91118,50.43468702,13792.44674,50.94996997,13756.82122
51.13493545,10837.34948,51.52430098,10747.26595,50.58156615,13850.10982,51.04624968,13817.00301,50.26898464,14210.37851,49.93689426,9746.302322,50.5469836,14087.7479,51.36292249,12135.42195,50.66624166,13939.271,50.72095242,14066.18061
51.93673523,10756.93335,51.79677331,10791.69846,50.38805772,13743.567,50.02235638,13729.79017,50.81996131,14387.0392,50.96726282,9939.672499,52.00386119,14041.37018,51.25553231,12077.17138,51.27642876,13978.2195,51.93554333,13981.83629
51.72528338,10904.64253,51.72841051,11014.75938,51.50408113,13842.13569,51.55017056,13809.48256,50.88220404,14338.11876,51.49585639,9628.00503,52.12733465,13930.72391,51.29688535,12085.66014,51.58538562,13865.24555,51.6787018,13967.58691
51.55469471,10860.02903,51.40645368,10786.7998,51.48771618,13745.5714,51.50502056,13792.97744,51.87970133,14508.54622,50.499849,9620.919441,51.01558401,14181.74806,52.25781212,12207.52555,51.73179103,13985.96658,51.47452878,14095.1208
52.81007871,10924.61336,53.50428126,10959.95092,51.62231392,13838.74769,51.30647472,13812.04152,51.18997108,14496.94406,52.15148388,9936.196252,53.17251435,13923.37389,52.63124188,12223.58369,52.26571643,14007.31701,53.12601015,13998.67551
52.46496544,10840.43237,52.62902378,10793.43375,52.34235951,13903.98764,52.45666357,13893.01063,52.14795064,14570.9429,51.55150607,9674.73277,52.63634059,14057.96044,52.81517778,12118.74886,52.27892651,14098.24442,52.84179916,14109.88039
52.68045354,10813.86734,52.0730966,10845.92273,52.36727909,13966.85438,52.57636285,13947.28678,52.62127887,14601.56824,52.35238308,10205.87374,53.24453708,14167.34435,53.03320357,12136.61782,52.55414279,14150.64049,52.91801744,14203.20016
53.59720902,10862.66825,53.28823996,10817.18554,53.48041775,14036.4878,53.80090863,14070.73965,52.41285685,14577.61441,53.07854715,9800.134692,53.90168759,14375.76705,53.4760188,12358.67759,52.68854605,14243.78268,52.98732654,14426.8598
54.18646215,10935.71978,54.52495247,10825.86265,53.59487368,13938.96054,53.5793815,13898.75027,53.20861193,14583.46372,53.12601636,10111.52578,53.63565174,14200.37236,52.65206184,12262.15782,53.14902922,14160.09939,53.2957354,14201.61053
54.31059271,10982.18267,54.64285263,10945.36442,53.38948221,13921.1607,53.09830318,13905.0909,53.53345644,14625.16595,52.99204516,10102.74782,53.82966738,14397.50138,54.10679245,12266.3468,54.39428432,14322.42123,53.74769952,14384.29451
55.25681314,11114.74739,55.10892997,11143.23443,53.2052494,14135.81908,53.04012907,14161.44441,53.95348377,14649.23834,52.9782678,10053.14239,51.29399193,13906.73021,54.1311284,12316.59762,53.13045574,14174.7686,52.22424837,14028.31511
54.7756249,10903.6592,55.50608744,10847.67457,53.58620164,13997.85539,53.88836033,13930.89323,53.45845371,14675.15428,54.65508145,9780.918862,53.95786708,14305.10253,54.18201177,12464.01106,53.88407669,14382.57756,54.26883018,14371.02015
55.63909298,10966.47079,56.39850666,10901.71095,54.38832785,14135.80273,54.21358418,14046.63715,54.74109956,14624.82854,54.1765364,10091.77233,54.53730098,14474.18138,54.64678707,12443.55088,54.66050237,14484.39475,54.84401583,14401.28193
55.44030172,11027.10828,55.46063637,11039.11616,54.61890137,14224.40983,54.94750632,14250.13918,54.53252436,14518.20362,54.26967045,10324.8549,54.94339535,14303.54749,54.97184001,12474.37947,55.12096037,14340.85244,54.8655098,14243.4239
55.80577633,11059.09741,55.64148648,11032.84341,55.87036168,14132.38439,55.9946627,14060.41775,55.22734328,14607.85397,55.14781956,10071.91965,55.52180086,14261.72041,54.99727712,12435.90794,55.52337333,14278.82435,55.85930323,14289.05758
56.46913297,11076.21524,56.65836388,11051.21004,54.70346581,14286.47282,55.13935181,14237.50892,55.30663381,14613.65055,56.0060107,9960.720323,56.17323292,14317.59324,55.57686128,12479.37559,56.10354798,14197.19959,56.30798645,14182.13232
57.58853818,10990.57992,57.6146598,10875.39724,55.68785384,14296.73629,55.94094803,14299.7017,55.76723485,14496.12568,56.50966697,10185.32422,56.60352566,14343.09116,55.7871463,12452.88387,56.58839142,14354.59933,56.66668425,14399.76344
56.66784005,11082.89724,56.12987075,11002.72115,55.7179175,14219.21781,55.65249958,14094.25514,56.64289603,14622.27504,56.38641877,10176.25977,56.26168345,14250.08666,56.15871663,12426.8077,56.39792103,14404.51006,56.52067006,14346.3114
57.06506015,11012.11289,57.57991086,11035.36395,56.26467868,14241.33049,56.06916819,14332.85675,56.20857953,14615.81417,56.53188265,10102.66074,57.0944475,14449.59636,56.31748198,12492.12896,56.75008925,14358.71997,56.68526482,14397.74328
57.98333229,11086.69251,58.15416896,11022.14319,56.76328374,14298.63722,56.19294764,14358.56467,56.72438047,14687.41985,57.19600403,10167.98696,57.95448721,14236.74533,57.24915944,12598.23427,57.5919384,14302.57234,57.80913656,14226.93444
57.92325858,11101.99287,57.46620314,11057.32141,57.0892606,14324.19683,57.68821881,14330.47342,56.80211212,14615.46155,56.91595991,10370.32625,57.99834934,14273.64787,57.17113779,12519.27094,57.61570332,14360.57966,57.52352673,14290.51918
57.74003383,11028.4583,58.48149787,11047.15804,57.22996862,14189.50764,57.9153798,14150.25074,57.84216077,14529.49545,57.50206718,10188.06612,57.84788538,14248.12802,57.57447209,12601.19118,57.67952902,14353.24802,57.89415223,14343.64429
58.35320098,11060.44842,58.98320047,10973.00802,57.70635983,14344.00634,58.16662803,14251.73265,57.99372991,14580.99182,58.41658926,10182.00295,57.92415329,14549.87638,57.92010963,12549.59556,58.18403867,14373.82612,58.28592997,14438.67635
58.19342141,11067.60667,58.52632347,11236.58687,58.21483068,14342.4775,58.10489479,14336.92341,57.40875462,14577.52215,56.59231489,10227.01102,58.18074002,14367.24434,58.40147415,12501.52698,58.42799862,14340.95035,58.51808134,14434.92945
58.93411235,11134.02367,58.53706454,11091.48049,58.44770403,14283.17754,58.02641687,14262.15473,58.57089742,14563.92307,58.534003,10207.6754,58.81980887,14232.60597,59.15812304,12658.4221,58.50657513,14310.80849,58.53629633,14357.10892
59.47679556,11154.15799,59.59226391,11089.40218,58.47946683,14380.09222,58.6338123,14287.5209,59.03819719,14643.19754,58.62502528,10100.4099,59.50760863,14184.13042,58.7594697,12529.42768,58.85896853,14296.28358,59.36054269,14199.64369
59.6807452,11066.25487,60.03044669,11105.9855,58.94239804,14325.86423,58.57255758,14339.90891,59.09347292,14660.96497,58.93793258,10068.7506,59.81733302,14624.9537,58.84165846,12757.65593,59.63518193,14449.98859,59.85128188,14515.37365
59.72259867,11225.14735,59.72679316,11242.31634,59.27858573,14488.61883,59.28647881,14483.73684,59.27711159,14509.05898,59.85146355,10136.17713,60.20491404,14166.17278,59.26914699,12723.24228,60.01368007,14245.56618,60.07742659,14254.52464
59.55871377,11079.32156,59.7561217,11070.26117,60.12950347,14428.30376,59.74786668,14467.57231,59.50788285,14687.40216,60.90051955,10320.80168,59.40308383,14405.60432,60.3639679,12692.24631,59.94309007,14334.20313,59.58649824,14316.37387
60.90321377,11131.33046,60.33312623,11052.29294,60.14960768,14359.8282,60.15523181,14201.59318,59.77458326,14580.40408,59.70477145,10120.52903,59.11746909,14329.24076,60.07561278,12771.6361,59.84091416,14370.07568,59.42004548,14412.42044
60.85932302,11161.53388,60.49931248,11286.58366,60.28255083,14427.57704,60.24772167,14483.96858,60.07218605,14483.8018,61.17232824,10303.6742,62.28744175,14349.19895,60.44639706,12830.60271,61.05917592,14356.31868,61.60225314,14304.60249
61.79341853,11102.9619,61.82440483,11091.29141,60.21496414,14436.72081,60.77296713,14477.91703,60.49836704,14580.75593,60.87388306,10073.6898,61.29936159,14207.17514,61.18024452,12739.9426,61.03892625,14341.55619,61.38144072,14344.63564
62.43599335,11205.93612,62.0739058,11273.48,61.19496787,14434.46425,60.57884941,14468.81902,60.99793236,14609.18272,60.61284404,10194.30404,61.63828801,14435.24517,61.13212064,12834.67802,60.87820447,14495.04655,60.5320722,14432.89181
62.20345164,11035.03193,62.76447481,10928.11267,62.1241656,14510.26518,61.71833218,14526.49627,60.90165414,14549.09419,61.78556545,10167.84232,60.80468681,14314.645,60.89689646,12862.93433,61.28949438,14326.44203,61.18900231,14301.29844
62.18136517,11213.17542,61.95692032,11288.06359,61.57419265,14481.20801,61.60366485,14433.88189,61.53685644,14553.42298,62.13792005,10042.66395,61.67240536,14332.27404,61.58018528,12849.70179,62.0288353,14424.94783,61.49384782,14424.79514
62.54010033,11154.2295,62.46076304,11222.52018,62.40689337,14492.79457,62.72932079,14510.29525,61.33751887,14554.77262,61.34608765,10261.876,62.07784129,14502.07441,62.05761389,12769.90153,62.14466158,14487.47197,62.12838673,14431.2566
62.75782855,11148.40808,63.00810444,11224.95107,62.25853474,14633.37164,62.66961222,14662.10047,62.39058697,14594.27652,62.45147908,10060.79887,63.04496238,14438.42092,62.57510411,12833.04775,62.75708949,14404.36685,63.15365511,14347.50943
63.63604272,11118.70213,64.40886751,11241.38234,62.31473127,14584.25129,62.10346756,14634.51664,62.83506606,14566.7576,63.63702006,10119.89646,62.36923158,14536.74858,63.17749887,12786.40484,62.65302628,14469.37823,62.79011369,14488.23806
63.64369468,11111.89382,63.57094926,11135.69331,62.91562923,14656.51954,63.08893695,14644.46148,63.35620543,14711.22227,61.65128116,10042.38887,63.79394517,14453.55315,62.78922956,12829.27873,63.87107159,14441.2693,64.19307674,14303.00986
63.96613297,11124.5147,64.07514453,11174.81877,63.52502642,14609.89127,63.26932184,14541.37895,62.76018731,14607.97951,63.45748379,10303.67747,62.44819058,14141.85566,63.48024299,12936.74198,63.01663077,14334.4218,62.56973607,14226.30604
64.91099761,11234.52646,64.75958256,11240.17708,63.48500787,14455.76384,63.54157341,14442.37273,63.55804178,14573.49782,63.71569859,10198.14633,63.19515412,14402.60789,63.92735301,12944.209,63.71557796,14400.38569,63.49549578,14465.46202
64.17702172,11170.32295,63.71807707,11191.45543,64.11207651,14587.22475,63.48644392,14663.26764,63.95537768,14524.51136,64.26994329,10151.82309,64.49179392,14665.33626,64.02524755,12876.26807,64.21474461,14465.71338,64.26780226,14562.11021
64.97524486,11171.18705,64.02521754,11129.49767,64.18790289,14701.33511,64.03697402,14638.20185,64.09108143,14509.05588,64.20277957,10167.78682,65.76174334,14354.87328,64.07895912,12903.78717,64.52994256,14428.44693,65.41515506,14350.13923
65.44517394,11213.10132,65.29520124,11369.34573,64.40419643,14718.40382,64.7758085,14653.02419,64.64146326,14600.50799,64.87752741,9934.641337,64.23925391,14304.77861,64.02683914,12801.07845,65.07032697,14487.5927,64.31814074,14355.36545
65.81513216,11213.6463,65.64345587,11151.64119,64.80405023,14657.77843,64.23195602,14694.80743,64.90131391,14410.20934,65.36213352,10274.87966,64.91523824,14529.58577,65.54500486,13008.60319,64.93274645,14517.42838,64.88466379,14482.65221
66.12941079,11283.28241,66.167351,11263.66265,65.27665377,14660.89617,65.23768546,14643.98563,65.18669576,14481.66061,65.48695451,10232.87213,65.95797412,14587.11923,66.43900326,12851.11144,65.14380144,14540.61485,65.52971867,14566.96179
66.94745204,11168.80995,66.48982656,11150.83688,65.80074698,14570.99806,65.62482851,14682.70407,65.91107459,14620.64931,65.60503018,10163.06393,65.39420273,14279.80524,64.91673763,12959.15201,65.67693449,14321.86208,65.68440225,14229.93102
66.96730721,11201.49203,66.99204691,11252.17172,66.5345012,14712.74905,65.89312139,14687.52879,65.56544075,14530.96599,65.44639704,10111.00701,65.94259368,14522.62465,65.84664045,12839.73418,65.79490596,14496.86648,66.08638288,14506.72626
67.10182105,11205.35245,66.71806928,11202.69906,66.31434658,14785.73254,66.08002114,14674.82871,66.55436076,14535.79978,66.28534846,10136.27592,66.26388526,14535.99721,65.87650358,12873.87371,66.3331519,14488.5049,66.26799513,14460.03145
67.54491174,11249.26119,67.64729218,11289.44413,66.91559872,14720.5693,67.36841609,14771.42776,66.07731269,14500.23419,66.42064167,10084.2726,66.56901538,14579.4887,66.77348725,12888.9815,67.02373302,14424.63513,67.12464631,14527.37322
67.26108294,11085.4499,67.29517193,11187.81201,66.58240221,14716.24256,66.24039273,14743.3953,67.46715177,14503.59088,67.08556445,10221.82377,66.73249366,14610.01691,66.79986022,12864.96908,66.99116256,14488.13812,66.92038117,14566.48885
67.7483752,11150.15117,67.53988731,11088.71279,66.32945489,14716.31064,66.80580154,14684.7798,67.03073417,14447.47128,67.55067244,10236.10658,67.15060221,14302.56389,67.94634455,12921.79535,67.52789582,14362.08466,66.76694687,14359.82558
68.28164376,11251.37593,67.88949742,11254.48479,67.68442211,14657.09278,68.08044421,14671.0941,67.90462863,14532.82657,67.0040967,10318.94599,67.47499398,14178.23757,67.92841719,12978.14379,67.95152772,14383.20265,67.6969808,14296.24012
69.2198108,11213.36574,69.16785192,11274.6732,67.74541392,14789.77607,68.0949281,14737.18661,67.78858462,14481.93853,68.77854938,10246.47583,67.81418564,14441.61745,68.44925054,12886.8979,68.08064159,14368.53834,67.72615945,14411.61854
69.04606486,11249.80487,68.89625965,11196.38952,68.86296614,14734.69048,69.00051137,14665.69324,67.41158748,14430.82414,69.60902125,10250.68554,67.76070616,14592.27391,68.27904824,12808.11004,68.71901279,14465.10522,68.83635713,14599.54825
69.29158672,11185.18417,69.5960378,11266.20996,68.86114287,14856.94898,68.6892091,14905.35462,67.92433034,14579.27499,68.14361987,10194.4872,68.72459717,14558.91284,68.92879117,12872.3312,68.9465628,14549.88478,69.05885239,14533.19355
69.40946299,11258.86261,69.05469066,11225.59829,69.45904325,14701.80524,69.90097616,14557.48393,69.16639826,14470.78783,68.80382301,10313.98905,69.05764137,14592.03515,69.52057846,12937.58171,68.86440767,14515.23132,68.65870387,14544.89236
70.10813556,11237.83748,69.8977825,11234.27022,69.4154905,14807.38063,68.55219045,14911.26191,69.4455718,14511.7944,70.48954742,10232.44605,68.42301648,14499.52365,69.65475696,12919.90316,69.35637476,14432.7618,69.29198997,14435.1647
70.42061327,11210.32231,70.40558111,11268.5179,69.02795157,14767.79529,68.63833573,14701.85625,69.25823329,14395.28861,70.09496177,10228.37,70.34366401,14632.22321,69.85318953,12915.39046,70.21848158,14567.60894,69.89003235,14626.98236
70.14789942,11131.5707,70.02738976,11106.35005,69.41628153,14721.90504,69.68641534,14630.01757,70.31402274,14475.85323,69.777787,10118.04738,69.94951764,14462.5903,70.08606369,12853.97,69.75410367,14421.86654,70.08567167,14399.63821
71.17521936,11294.61076,71.34530836,11305.71614,70.30838206,14655.4185,69.96751611,14776.81402,70.31046546,14454.92747,70.63573551,10124.28129,70.24329593,14359.56125,69.60759099,12895.90522,70.1908124,14523.55963,70.55801026,14458.17403
70.96120161,11138.68553,71.2983132,11231.92534,70.7055686,14651.35716,70.47605283,14596.66461,70.64329235,14465.38534,70.38357372,10257.39497,70.40466749,14532.0048,70.52482824,12937.40123,70.35759904,14486.03579,70.47994719,14507.738
71.25225282,11183.15185,70.60074441,11119.49853,71.04818011,14781.25089,71.29015883,14834.26495,70.87003726,14402.17133,71.20746468,10163.46553,70.80217607,14537.89434,70.73381627,12915.86554,70.66885917,14474.89811,70.48249934,14515.70631
71.8867429,11314.28327,72.47812105,11392.06216,71.76631199,14663.60247,72.28537136,14664.92208,71.69632153,14589.49163,72.10120589,10349.00162,71.38329498,14640.47275,70.95364727,12881.28482,71.86878223,14464.382,71.78109486,14599.26997
71.99741764,11199.37927,71.97686156,11139.09622,71.1412356,14736.60337,71.5499337,14801.3575,71.44149159,14526.46384,71.27713633,10125.81853,71.59833788,14477.85865,71.24066262,13040.36212,71.91204667,14433.2123,71.88190308,14461.40397
73.26040419,11284.55542,72.63056252,11411.88832,71.85323504,14790.58757,71.9764999,14787.94305,71.47718677,14526.78992,71.44893242,10165.09131,71.53900709,14431.32605,71.78164992,12953.82055,71.54438482,14487.10528,71.44357462,14389.49646
73.04768654,11215.70877,73.05406212,11193.01169,72.38651794,14753.496,72.33662605,14766.51368,72.46467157,14496.71188,71.89660868,10071.77798,72.61633361,14502.14107,72.168847,12878.44088,72.42428828,14463.74551,73.32346947,14480.58419
73.17963536,11172.33763,73.10241898,11153.79954,72.75967979,14650.16867,72.76564441,14700.24074,72.07985659,14586.4179,72.89929943,10362.61337,72.70811889,14505.04088,72.54190225,12909.47135,73.00292437,14439.60974,72.82789439,14480.68062
73.83919639,11260.48235,74.20628606,11332.87536,73.17194955,14700.05028,73.48223169,14699.72497,72.78330847,14480.34721,73.0133538,10156.19107,72.8858225,14612.80727,73.01516432,12900.74145,72.58720574,14534.23897,72.97278219,14608.02296
74.15993267,11246.77697,73.71637721,11195.58069,73.43829413,14647.82888,73.30260882,14684.51674,73.26919306,14560.52846,73.69459264,10215.05702,72.31152499,14443.61455,73.25335566,12945.09395,73.17379137,14467.28419,72.68488267,14424.82485
74.53790088,11332.82168,74.54698884,11280.67881,73.88465826,14710.75779,73.4259044,14700.08807,73.47580224,14629.17236,73.99629562,10259.88326,75.16266127,14531.45124,73.56979287,12978.35012,73.55059352,14548.29348,74.58681683,14629.53937
73.95485076,11285.5141,73.92024853,11220.01443,73.88860108,14625.26987,74.19236441,14533.51728,73.45619456,14523.90337,74.49083126,10005.62365,74.2826249,14339.62433,73.90903792,12822.06165,73.66005504,14503.25591,74.179117,14364.90441
75.1145383,11322.22916,74.87980394,11345.95722,74.17454553,14708.98194,74.64133025,14626.04136,74.60008194,14559.65064,73.97610849,10114.63104,74.60666578,14531.53693,74.53620698,13003.75626,74.08525777,14555.06678,73.97255194,14527.13223
75.21829231,11312.48849,75.49276541,11331.30796,73.95988813,14685.46201,73.99622399,14757.9554,74.59347281,14429.75253,74.59336929,10140.38432,74.02062724,14322.87424,74.79683461,13042.98168,74.26375832,14412.53039,74.49090342,14469.4552
76.17610263,11294.50393,76.18912124,11254.75987,74.93367496,14566.23199,74.66586301,14514.87579,75.55058509,14571.95031,74.63419831,10134.73951,76.10749614,14561.39392,74.53315425,13018.45708,74.90028197,14556.92428,75.09088761,14464.26031
75.64678332,11363.58057,76.04020535,11323.03865,75.21978214,14702.82566,75.50284822,14723.90918,75.34262734,14629.28742,74.91794155,10039.50616,74.36069451,14286.03381,75.40770678,13092.11506,74.67118095,14357.74907,74.67761574,14287.74934
76.47426079,11233.5348,76.2626303,11253.97605,75.7461084,14664.9618,74.99609886,14682.33074,74.99842434,14577.3139,75.09292433,10165.97718,74.49375316,14596.15221,75.12137218,12988.8798,75.35981072,14443.50244,74.69615005,14531.06738
76.58276717,11320.05104,76.40359995,11317.4267,75.87775653,14594.0203,75.38695774,14473.69173,75.7206114,14617.22039,75.78428095,10182.03188,75.50821017,14469.70712,76.18296911,13026.05082,76.38155697,14434.15088,75.89755416,14457.94196
77.05181618,11238.89685,77.34423866,11131.25335,76.43095849,14569.31567,76.11734497,14555.22854,76.5886242,14492.14073,75.69160228,10287.29175,76.66983072,14336.84029,76.17410879,12937.97073,76.45580565,14441.22125,76.33919233,14381.17586
76.86906691,11183.71851,76.62100041,11246.70929,76.68616815,14688.79776,76.50438618,14526.07927,76.17436623,14597.22953,76.20454932,10030.91762,77.29446937,14331.04471,76.59586977,12906.81966,76.82014808,14419.82622,76.68142432,14420.03074
77.82853536,11287.66621,77.89844514,11405.01985,77.22174813,14744.87919,77.04648283,14743.91057,76.87535596,14592.348,76.27506344,10201.82472,77.00511994,14588.3922,76.42211358,12860.75644,76.47279793,14611.04458,76.54727352,14620.47209
77.40974151,11255.814,77.84593765,11288.05239,76.88781166,14673.52562,76.89146702,14774.50326,76.76637352,14672.98786,77.89733268,10003.22324,77.30758302,14389.42299,77.430914,12879.95458,77.27065064,14412.58235,77.43922476,14439.3513
78.41947723,11235.50856,78.13951323,11324.20021,77.61014705,14598.49248,77.46819656,14756.02501,76.73600517,14556.36119,76.97852721,10094.06256,78.05416575,14727.71076,77.72377568,12976.05652,77.73198799,14639.54069,77.84087818,14664.51438
78.02845052,11132.7455,78.20960314,11055.19385,77.91900716,14650.93604,77.56974616,14629.06733,77.26745641,14724.15067,77.67043091,10199.04666,78.44895497,14267.36049,77.80423111,12960.00222,78.12142848,14480.33583,78.13776234,14442.59853
78.96663494,11221.48988,78.47208179,11251.51779,77.72456794,14622.1243,78.5475982,14551.5973,78.12488512,14675.97103,77.73775726,10260.28273,78.86764658,14510.77904,78.32699466,13035.87876,78.5561169,14384.75422,78.97546183,14499.89195
79.52117869,11224.94905,79.4073787,11161.50416,78.24508372,14661.62185,77.81659533,14715.90556,78.37875548,14704.2802,78.04378384,10283.70322,77.71416474,14604.50014,79.26520473,12889.08695,77.64654427,14469.17873,77.75722589,14584.79184
79.3831328,11142.92499,79.28621977,11147.36717,79.33897872,14602.64742,79.16067399,14632.67398,78.20942265,14757.31805,78.25048001,9963.781721,79.22453008,14591.33396,79.37178112,12918.27431,78.37975557,14547.90619,78.64825935,14552.29297
80.09374952,11125.67115,79.61647215,11176.06338,79.6301201,14621.32046,79.50948082,14671.95866,79.43378534,14660.50061,78.6248282,10110.6814,79.41812366,14538.01361,79.31674091,12888.71898,79.22142296,14529.04876,79.59820648,14500.8447
80.66696905,11212.17996,81.19186733,11240.0006,79.65665076,14679.56236,79.48891284,14614.58877,79.99945914,14732.90496,79.00906496,10062.43314,79.07679248,14376.54712,79.9906368,12978.23076,78.85595922,14491.94786,78.89453709,14420.76407
80.16237898,11170.89656,80.45275453,11190.86682,79.40589765,14596.00411,79.53917796,14639.10629,79.72301438,14686.90406,79.72723312,10193.87385,80.185455,14485.86898,79.48750076,13003.266,80.28072222,14440.77106,80.09229501,14440.6697
81.01023191,11255.6985,81.0871465,11295.37609,79.60695435,14637.665,79.09716407,14625.65875,79.91143005,14714.32388,79.26473969,10228.82509,80.45182063,14583.92022,81.0183963,12868.10882,80.36512502,14578.93786,80.56582239,14564.55802
81.98274821,11379.70245,82.03959417,11407.57191,80.74959581,14592.83728,80.48413114,14569.32996,80.38776369,14696.69328,80.43961185,10200.65298,80.4602959,14436.97165,80.85102682,12956.64501,80.85560072,14508.509,80.42207818,14527.69181
81.77713243,11211.0567,81.77228807,11094.02108,80.58158741,14530.5785,80.52432594,14665.18927,81.6781592,14659.10997,81.71662286,10221.59101,81.05823108,14253.29546,80.74447198,13015.43469,80.51778227,14307.28892,80.7047277,14292.31218
82.01854694,11137.11679,81.6709369,11084.5434,80.70319588,14739.94307,80.58913358,14815.90471,81.03726817,14778.95837,80.93201991,10170.71364,80.64891774,14485.4038,81.30738729,12911.85172,80.73834596,14489.79762,80.81474327,14514.32122
81.99756222,11206.44624,82.23280787,11186.79526,81.46022777,14620.30581,81.89853424,14612.78759,82.00037402,14807.15325,81.7232534,10125.14546,80.91610707,14481.79659,81.11375166,12991.04042,81.53011838,14525.4038,80.95402816,14491.41411
